-- Catálogo real del Laboratorio Danimar (se carga al iniciar la app).

INSERT INTO grupo_examen (id_grupo, nombre) VALUES (1, 'Hematología');
INSERT INTO grupo_examen (id_grupo, nombre) VALUES (2, 'Otros Exámenes');
INSERT INTO grupo_examen (id_grupo, nombre) VALUES (3, 'Misceláneos');
INSERT INTO grupo_examen (id_grupo, nombre) VALUES (5, 'Hormonas y Endocrinología');
INSERT INTO grupo_examen (id_grupo, nombre) VALUES (6, 'Serología e Inmunología');

INSERT INTO examen (id_examen, id_grupo, nombre, muestra, costo) VALUES (1, 1, 'Hematología Completa', 'SANGRE', 1350.00);
INSERT INTO examen (id_examen, id_grupo, nombre, muestra, costo) VALUES (2, 1, 'Químico Sanguíneo I', 'SUERO', 0.00);
INSERT INTO examen (id_examen, id_grupo, nombre, muestra, costo) VALUES (3, 1, 'Químico Sanguíneo II', 'SUERO', 0.00);
INSERT INTO examen (id_examen, id_grupo, nombre, muestra, costo) VALUES (4, 1, 'Frotis de Sangre Periférica', 'SANGRE', 1350.00);
INSERT INTO examen (id_examen, id_grupo, nombre, muestra, costo) VALUES (5, 1, 'Tipo de Sangre (Carnet)', 'SANGRE', 1800.00);
INSERT INTO examen (id_examen, id_grupo, nombre, muestra, costo) VALUES (6, 2, 'Uroanálisis', 'ORINA', 900.00);
INSERT INTO examen (id_examen, id_grupo, nombre, muestra, costo) VALUES (7, 2, 'Coproanálisis', 'HECES', 1440.00);
INSERT INTO examen (id_examen, id_grupo, nombre, muestra, costo) VALUES (8, 2, 'Antígenos Febriles', 'SUERO', 2700.00);
INSERT INTO examen (id_examen, id_grupo, nombre, muestra, costo) VALUES (9, 2, 'Serología de Donante', 'SUERO', 0.00);
INSERT INTO examen (id_examen, id_grupo, nombre, muestra, costo) VALUES (10, 2, 'Inmunología', 'SUERO', 0.00);
INSERT INTO examen (id_examen, id_grupo, nombre, muestra, costo) VALUES (11, 2, 'Prueba de Embarazo', 'SUERO', 1800.00);
INSERT INTO examen (id_examen, id_grupo, nombre, muestra, costo) VALUES (12, 2, 'Cultivo de Orina', 'ORINA', 6300.00);
INSERT INTO examen (id_examen, id_grupo, nombre, muestra, costo) VALUES (13, 6, 'Hepatitis A (IgM)', 'SUERO', 1800.00);
INSERT INTO examen (id_examen, id_grupo, nombre, muestra, costo) VALUES (14, 6, 'Hepatitis B (HBsAg)', 'SUERO', 1530.00);
INSERT INTO examen (id_examen, id_grupo, nombre, muestra, costo) VALUES (15, 6, 'Hepatitis C', 'SUERO', 1530.00);
INSERT INTO examen (id_examen, id_grupo, nombre, muestra, costo) VALUES (16, 6, 'Mycoplasma Pneumoniae (IgG)', 'SANGRE', 3150.00);
INSERT INTO examen (id_examen, id_grupo, nombre, muestra, costo) VALUES (17, 5, 'Gonadotropina Coriónica Cuantificada', 'SUERO', 3150.00);
INSERT INTO examen (id_examen, id_grupo, nombre, muestra, costo) VALUES (18, 5, 'LH', 'SUERO', 2700.00);
INSERT INTO examen (id_examen, id_grupo, nombre, muestra, costo) VALUES (19, 5, 'Progesterona', 'SUERO', 3600.00);
INSERT INTO examen (id_examen, id_grupo, nombre, muestra, costo) VALUES (20, 5, 'Prolactina', 'SUERO', 2700.00);
INSERT INTO examen (id_examen, id_grupo, nombre, muestra, costo) VALUES (21, 3, 'Frotis de Flujo Vaginal', 'FLUJO VAGINAL', 1800.00);
INSERT INTO examen (id_examen, id_grupo, nombre, muestra, costo) VALUES (22, 6, 'V.D.R.L. y H.I.V.', 'SUERO', 2880.00);
INSERT INTO examen (id_examen, id_grupo, nombre, muestra, costo) VALUES (23, 5, 'Insulina', 'SUERO', 2700.00);
INSERT INTO examen (id_examen, id_grupo, nombre, muestra, costo) VALUES (24, 3, 'Anti-doping', 'ORINA', 2700.00);
INSERT INTO examen (id_examen, id_grupo, nombre, muestra, costo) VALUES (25, 6, 'Serología Dengue', 'SUERO', 2880.00);
INSERT INTO examen (id_examen, id_grupo, nombre, muestra, costo) VALUES (26, 3, 'Inmunoglobulina E', 'SANGRE', 2700.00);
INSERT INTO examen (id_examen, id_grupo, nombre, muestra, costo) VALUES (27, 3, 'P.S.A.', 'SUERO', 5400.00);
INSERT INTO examen (id_examen, id_grupo, nombre, muestra, costo) VALUES (28, 5, 'Perfil Tiroideo', 'SUERO', 8100.00);
INSERT INTO examen (id_examen, id_grupo, nombre, muestra, costo) VALUES (29, 3, 'Eosinófilos en Moco Nasal', 'MOCO NASAL', 1080.00);
INSERT INTO examen (id_examen, id_grupo, nombre, muestra, costo) VALUES (30, 3, 'Eosinófilos en Sangre', 'SANGRE TOTAL', 1080.00);
INSERT INTO examen (id_examen, id_grupo, nombre, muestra, costo) VALUES (31, 6, 'Anti-toxoplasmosis', 'SUERO', 6300.00);
INSERT INTO examen (id_examen, id_grupo, nombre, muestra, costo) VALUES (32, 6, 'Anti-citomegalovirus', 'SUERO', 2700.00);
INSERT INTO examen (id_examen, id_grupo, nombre, muestra, costo) VALUES (33, 3, 'Curva de Tolerancia a la Glucosa', 'SUERO', 5760.00);
INSERT INTO examen (id_examen, id_grupo, nombre, muestra, costo) VALUES (34, 5, 'Testosterona', 'SANGRE', 6300.00);
INSERT INTO examen (id_examen, id_grupo, nombre, muestra, costo) VALUES (35, 6, 'Helicobacter Pylori (Suero)', 'SUERO', 3150.00);
INSERT INTO examen (id_examen, id_grupo, nombre, muestra, costo) VALUES (37, 3, 'Monotest', 'SUERO', 0.00);
INSERT INTO examen (id_examen, id_grupo, nombre, muestra, costo) VALUES (38, 6, 'H.I.V. Test-Pack', 'SUERO', 1530.00);
INSERT INTO examen (id_examen, id_grupo, nombre, muestra, costo) VALUES (39, 5, 'Antitiroideos', 'SANGRE', 0.00);
INSERT INTO examen (id_examen, id_grupo, nombre, muestra, costo) VALUES (40, 3, 'Baciloscopia Seriada', 'ESPUTO', 0.00);
INSERT INTO examen (id_examen, id_grupo, nombre, muestra, costo) VALUES (41, 6, 'Dengue NS1', 'SANGRE', 2880.00);
INSERT INTO examen (id_examen, id_grupo, nombre, muestra, costo) VALUES (42, 6, 'Hepatitis A (Método Elisa)', 'SUERO', 1800.00);
INSERT INTO examen (id_examen, id_grupo, nombre, muestra, costo) VALUES (43, 6, 'Helicobacter Pylori en Heces', 'HECES', 2700.00);
INSERT INTO examen (id_examen, id_grupo, nombre, muestra, costo) VALUES (44, 5, 'Estradiol', 'SUERO', 3150.00);
INSERT INTO examen (id_examen, id_grupo, nombre, muestra, costo) VALUES (45, 5, 'FSH', 'SUERO', 2700.00);
INSERT INTO examen (id_examen, id_grupo, nombre, muestra, costo) VALUES (46, 6, 'Machado Guerreiro (Chagas)', 'SANGRE', 2700.00);
INSERT INTO examen (id_examen, id_grupo, nombre, muestra, costo) VALUES (47, 3, 'Antígeno Carcinoembrionario (C.E.A.)', 'SANGRE', 3150.00);
INSERT INTO examen (id_examen, id_grupo, nombre, muestra, costo) VALUES (48, 3, 'CA 19-9', 'SANGRE', 3150.00);
INSERT INTO examen (id_examen, id_grupo, nombre, muestra, costo) VALUES (49, 3, 'CA-125', 'SANGRE', 3150.00);
INSERT INTO examen (id_examen, id_grupo, nombre, muestra, costo) VALUES (50, 3, 'CA 15-3', 'SANGRE', 3150.00);
INSERT INTO examen (id_examen, id_grupo, nombre, muestra, costo) VALUES (51, 3, 'Alfafetoproteínas', 'SANGRE', 3150.00);
INSERT INTO examen (id_examen, id_grupo, nombre, muestra, costo) VALUES (52, 5, '17 OH Progesterona', 'SANGRE', 0.00);
INSERT INTO examen (id_examen, id_grupo, nombre, muestra, costo) VALUES (53, 5, 'DHEA', 'SANGRE', 0.00);
INSERT INTO examen (id_examen, id_grupo, nombre, muestra, costo) VALUES (54, 5, 'Androstenediona', 'SANGRE', 0.00);
INSERT INTO examen (id_examen, id_grupo, nombre, muestra, costo) VALUES (55, 6, 'Virus del Epstein Barr (IgM)', 'SANGRE', 0.00);
INSERT INTO examen (id_examen, id_grupo, nombre, muestra, costo) VALUES (56, 5, 'Hemoglobina A1c', 'SANGRE', 3150.00);
INSERT INTO examen (id_examen, id_grupo, nombre, muestra, costo) VALUES (57, 1, 'Fibrinógeno', 'SANGRE', 1800.00);
INSERT INTO examen (id_examen, id_grupo, nombre, muestra, costo) VALUES (58, 5, 'TSH Ultra', 'SANGRE', 2700.00);
INSERT INTO examen (id_examen, id_grupo, nombre, muestra, costo) VALUES (59, 2, 'Microalbuminuria en Orina Parcial', 'ORINA', 0.00);
INSERT INTO examen (id_examen, id_grupo, nombre, muestra, costo) VALUES (60, 6, 'Anticuerpos Antinucleares (ANA)', 'SANGRE', 0.00);
INSERT INTO examen (id_examen, id_grupo, nombre, muestra, costo) VALUES (61, 3, 'Lactato Deshidrogenasa (LDH)', 'SANGRE', 1800.00);
INSERT INTO examen (id_examen, id_grupo, nombre, muestra, costo) VALUES (62, 6, 'Hepatitis B Anti-HBs (Anticuerpos)', 'SANGRE', 0.00);
INSERT INTO examen (id_examen, id_grupo, nombre, muestra, costo) VALUES (63, 6, 'Anticuerpos IgG Anti Varicela Zoster', 'SANGRE', 0.00);
INSERT INTO examen (id_examen, id_grupo, nombre, muestra, costo) VALUES (64, 1, 'Dímero-D', 'SANGRE', 0.00);
INSERT INTO examen (id_examen, id_grupo, nombre, muestra, costo) VALUES (65, 6, 'Herpes I y II', 'SANGRE', 3150.00);
INSERT INTO examen (id_examen, id_grupo, nombre, muestra, costo) VALUES (66, 3, 'Creatinfosfoquinasa (CPK)', 'SANGRE', 2700.00);
INSERT INTO examen (id_examen, id_grupo, nombre, muestra, costo) VALUES (67, 3, 'Vitamina D', 'SANGRE', 6300.00);
INSERT INTO examen (id_examen, id_grupo, nombre, muestra, costo) VALUES (68, 5, 'Cortisol', 'SANGRE', 3600.00);
INSERT INTO examen (id_examen, id_grupo, nombre, muestra, costo) VALUES (69, 6, 'Mycoplasma Pneumoniae (IgM)', 'SANGRE', 3150.00);
INSERT INTO examen (id_examen, id_grupo, nombre, muestra, costo) VALUES (70, 6, 'Toxoplasmosis IgG Cuantitativa', 'SANGRE', 3150.00);

INSERT INTO parametro (id_parametro, id_examen, nombre, unidad, valor_referencia) VALUES (1, 1, 'Hematocrito', '%', '37-47');
INSERT INTO parametro (id_parametro, id_examen, nombre, unidad, valor_referencia) VALUES (2, 1, 'Hemoglobina', 'g/dL', '12-16');
INSERT INTO parametro (id_parametro, id_examen, nombre, unidad, valor_referencia) VALUES (3, 1, 'VSG', 'mm/h', 'Hasta 20');
INSERT INTO parametro (id_parametro, id_examen, nombre, unidad, valor_referencia) VALUES (4, 1, 'Plaquetas', '/mm³', '150.000-450.000');
INSERT INTO parametro (id_parametro, id_examen, nombre, unidad, valor_referencia) VALUES (5, 1, 'Leucocitos', '/mm³', '4.000-10.000');
INSERT INTO parametro (id_parametro, id_examen, nombre, unidad, valor_referencia) VALUES (16, 1, 'Coombs Directo', '', 'Negativo');
INSERT INTO parametro (id_parametro, id_examen, nombre, unidad, valor_referencia) VALUES (17, 1, 'Coombs Indirecto', '', 'Negativo');
INSERT INTO parametro (id_parametro, id_examen, nombre, unidad, valor_referencia) VALUES (6, 1, 'Neutrófilos', '%', '40-70');
INSERT INTO parametro (id_parametro, id_examen, nombre, unidad, valor_referencia) VALUES (7, 1, 'Cayados', '%', '0-5');
INSERT INTO parametro (id_parametro, id_examen, nombre, unidad, valor_referencia) VALUES (8, 1, 'Linfocitos', '%', '20-40');
INSERT INTO parametro (id_parametro, id_examen, nombre, unidad, valor_referencia) VALUES (9, 1, 'Eosinófilos', '%', '1-4');
INSERT INTO parametro (id_parametro, id_examen, nombre, unidad, valor_referencia) VALUES (10, 1, 'Monocitos', '%', '2-8');
INSERT INTO parametro (id_parametro, id_examen, nombre, unidad, valor_referencia) VALUES (11, 1, 'Basófilos', '%', '0-1');
INSERT INTO parametro (id_parametro, id_examen, nombre, unidad, valor_referencia) VALUES (12, 1, 'Tiempo de Protrombina', 'seg', 'Control 12.1');
INSERT INTO parametro (id_parametro, id_examen, nombre, unidad, valor_referencia) VALUES (13, 1, 'Tiempo de Tromboplastina', 'seg', 'Control 29.0');
INSERT INTO parametro (id_parametro, id_examen, nombre, unidad, valor_referencia) VALUES (14, 1, 'Actividad Protrombínica', '%', '70-100');
INSERT INTO parametro (id_parametro, id_examen, nombre, unidad, valor_referencia) VALUES (15, 1, 'INR', '', '0.8-1.2');
INSERT INTO parametro (id_parametro, id_examen, nombre, unidad, valor_referencia) VALUES (217, 1, 'Razón', '', '0,9-1,2');
INSERT INTO parametro (id_parametro, id_examen, nombre, unidad, valor_referencia) VALUES (218, 1, 'Tiempo de Coagulación', 'min', '5-10');
INSERT INTO parametro (id_parametro, id_examen, nombre, unidad, valor_referencia) VALUES (216, 1, 'Tiempo de Sangría', 'min', '1-3');
INSERT INTO parametro (id_parametro, id_examen, nombre, unidad, valor_referencia) VALUES (18, 2, 'Glicemia', 'mg/dL', '70-110');
INSERT INTO parametro (id_parametro, id_examen, nombre, unidad, valor_referencia) VALUES (19, 2, 'Colesterol', 'mg/dL', '130-200');
INSERT INTO parametro (id_parametro, id_examen, nombre, unidad, valor_referencia) VALUES (20, 2, 'Triglicéridos', 'mg/dL', '35-165');
INSERT INTO parametro (id_parametro, id_examen, nombre, unidad, valor_referencia) VALUES (21, 2, 'Ácido Úrico', 'mg/dL', '2,5-6,0');
INSERT INTO parametro (id_parametro, id_examen, nombre, unidad, valor_referencia) VALUES (22, 2, 'Colesterol HDL', 'mg/dL', '35-55');
INSERT INTO parametro (id_parametro, id_examen, nombre, unidad, valor_referencia) VALUES (23, 2, 'Colesterol LDL', 'mg/dL', 'Hasta 150');
INSERT INTO parametro (id_parametro, id_examen, nombre, unidad, valor_referencia) VALUES (24, 2, 'Colesterol VLDL', 'mg/dL', '');
INSERT INTO parametro (id_parametro, id_examen, nombre, unidad, valor_referencia) VALUES (25, 2, 'Lípidos Totales', 'mg/dL', '400-800');
INSERT INTO parametro (id_parametro, id_examen, nombre, unidad, valor_referencia) VALUES (26, 2, 'Urea', 'mg/dL', '17,45-45');
INSERT INTO parametro (id_parametro, id_examen, nombre, unidad, valor_referencia) VALUES (27, 2, 'Creatinina', 'mg/dL', '0,4-1,4');
INSERT INTO parametro (id_parametro, id_examen, nombre, unidad, valor_referencia) VALUES (28, 2, 'Proteínas Totales', 'g/dL', '6,3-8,5');
INSERT INTO parametro (id_parametro, id_examen, nombre, unidad, valor_referencia) VALUES (29, 2, 'Albúmina', 'g/dL', '3,5-5,5');
INSERT INTO parametro (id_parametro, id_examen, nombre, unidad, valor_referencia) VALUES (30, 2, 'Globulina', 'g/dL', '');
INSERT INTO parametro (id_parametro, id_examen, nombre, unidad, valor_referencia) VALUES (31, 2, 'Relación A/G', '', '1,2-2,2');
INSERT INTO parametro (id_parametro, id_examen, nombre, unidad, valor_referencia) VALUES (32, 2, 'Amilasa', 'UA/dL', 'Hasta 90');
INSERT INTO parametro (id_parametro, id_examen, nombre, unidad, valor_referencia) VALUES (33, 2, 'B.U.N.', 'mg%', '');
INSERT INTO parametro (id_parametro, id_examen, nombre, unidad, valor_referencia) VALUES (34, 3, 'Calcio', 'mg/dL', '8,5-10,5');
INSERT INTO parametro (id_parametro, id_examen, nombre, unidad, valor_referencia) VALUES (35, 3, 'Hierro', 'ug/dL', '60-160');
INSERT INTO parametro (id_parametro, id_examen, nombre, unidad, valor_referencia) VALUES (36, 3, 'Fósforo', 'mg/dL', '3,0-7,0');
INSERT INTO parametro (id_parametro, id_examen, nombre, unidad, valor_referencia) VALUES (37, 3, 'Transaminasa GOT', 'UI/ml', '4-36');
INSERT INTO parametro (id_parametro, id_examen, nombre, unidad, valor_referencia) VALUES (38, 3, 'Transaminasa GPT', 'UI/ml', '4-32');
INSERT INTO parametro (id_parametro, id_examen, nombre, unidad, valor_referencia) VALUES (39, 3, 'Gamma GT (mujer)', 'UI/L', '8-35');
INSERT INTO parametro (id_parametro, id_examen, nombre, unidad, valor_referencia) VALUES (40, 3, 'Gamma GT (hombre)', 'UI/L', '9-54');
INSERT INTO parametro (id_parametro, id_examen, nombre, unidad, valor_referencia) VALUES (41, 3, 'LDH (mujer)', 'U/L', '103-227');
INSERT INTO parametro (id_parametro, id_examen, nombre, unidad, valor_referencia) VALUES (42, 3, 'LDH (hombre)', 'U/L', '80-285');
INSERT INTO parametro (id_parametro, id_examen, nombre, unidad, valor_referencia) VALUES (43, 3, 'Bilirrubina Total', 'mg/dL', '0,4-1,2');
INSERT INTO parametro (id_parametro, id_examen, nombre, unidad, valor_referencia) VALUES (44, 3, 'Bilirrubina Directa', 'mg/dL', '0,1-0,8');
INSERT INTO parametro (id_parametro, id_examen, nombre, unidad, valor_referencia) VALUES (45, 3, 'Bilirrubina Indirecta', 'mg/dL', '0,1-0,4');
INSERT INTO parametro (id_parametro, id_examen, nombre, unidad, valor_referencia) VALUES (46, 3, 'Fosfatasa Ácida', 'U/L', 'Hasta 9,0');
INSERT INTO parametro (id_parametro, id_examen, nombre, unidad, valor_referencia) VALUES (47, 3, 'Fosfatasa Alcalina', 'UI/L', '68-240');
INSERT INTO parametro (id_parametro, id_examen, nombre, unidad, valor_referencia) VALUES (48, 3, 'Fibrinógeno', '%', '200-400');
INSERT INTO parametro (id_parametro, id_examen, nombre, unidad, valor_referencia) VALUES (49, 3, 'Sodio', 'meq/L', '135-146');
INSERT INTO parametro (id_parametro, id_examen, nombre, unidad, valor_referencia) VALUES (50, 3, 'Potasio', 'meq/L', '3,5-5,3');
INSERT INTO parametro (id_parametro, id_examen, nombre, unidad, valor_referencia) VALUES (51, 4, 'Serie Roja', '', 'Descripción');
INSERT INTO parametro (id_parametro, id_examen, nombre, unidad, valor_referencia) VALUES (52, 4, 'Serie Blanca', '', 'Descripción');
INSERT INTO parametro (id_parametro, id_examen, nombre, unidad, valor_referencia) VALUES (53, 4, 'Plaquetas', '', 'Descripción');
INSERT INTO parametro (id_parametro, id_examen, nombre, unidad, valor_referencia) VALUES (54, 5, 'Grupo Sanguíneo', '', 'A / B / AB / O');
INSERT INTO parametro (id_parametro, id_examen, nombre, unidad, valor_referencia) VALUES (55, 5, 'Factor Rh', '', 'Positivo / Negativo');
INSERT INTO parametro (id_parametro, id_examen, nombre, unidad, valor_referencia) VALUES (56, 6, 'Aspecto', '', 'Transparente');
INSERT INTO parametro (id_parametro, id_examen, nombre, unidad, valor_referencia) VALUES (57, 6, 'Color', '', 'Amarillo');
INSERT INTO parametro (id_parametro, id_examen, nombre, unidad, valor_referencia) VALUES (58, 6, 'Densidad', '', '1.005-1.030');
INSERT INTO parametro (id_parametro, id_examen, nombre, unidad, valor_referencia) VALUES (59, 6, 'pH', '', '5,0-7,0');
INSERT INTO parametro (id_parametro, id_examen, nombre, unidad, valor_referencia) VALUES (61, 6, 'Albúmina', '', 'Negativa');
INSERT INTO parametro (id_parametro, id_examen, nombre, unidad, valor_referencia) VALUES (65, 6, 'Hemoglobina', '', 'Negativo');
INSERT INTO parametro (id_parametro, id_examen, nombre, unidad, valor_referencia) VALUES (60, 6, 'Cetonas', '', 'Negativa');
INSERT INTO parametro (id_parametro, id_examen, nombre, unidad, valor_referencia) VALUES (62, 6, 'Urobilina', '', 'Negativa');
INSERT INTO parametro (id_parametro, id_examen, nombre, unidad, valor_referencia) VALUES (66, 6, 'Pigmentos Biliares', '', 'Negativo');
INSERT INTO parametro (id_parametro, id_examen, nombre, unidad, valor_referencia) VALUES (64, 6, 'Nitritos', '', 'Negativo');
INSERT INTO parametro (id_parametro, id_examen, nombre, unidad, valor_referencia) VALUES (63, 6, 'Glucosa', '', 'Negativa');
INSERT INTO parametro (id_parametro, id_examen, nombre, unidad, valor_referencia) VALUES (67, 6, 'Leucocitos (sedimento)', '/campo', '0-5');
INSERT INTO parametro (id_parametro, id_examen, nombre, unidad, valor_referencia) VALUES (68, 6, 'Hematíes (sedimento)', '/campo', '0-2');
INSERT INTO parametro (id_parametro, id_examen, nombre, unidad, valor_referencia) VALUES (69, 6, 'Células Epiteliales', '', 'Escasas');
INSERT INTO parametro (id_parametro, id_examen, nombre, unidad, valor_referencia) VALUES (70, 6, 'Bacterias', '', 'Escasas');
INSERT INTO parametro (id_parametro, id_examen, nombre, unidad, valor_referencia) VALUES (71, 6, 'Cilindros Granulosos', '', 'Ausentes');
INSERT INTO parametro (id_parametro, id_examen, nombre, unidad, valor_referencia) VALUES (72, 6, 'Cristales', '', 'Ausentes');
INSERT INTO parametro (id_parametro, id_examen, nombre, unidad, valor_referencia) VALUES (73, 6, 'Moco', '', 'Escaso');
INSERT INTO parametro (id_parametro, id_examen, nombre, unidad, valor_referencia) VALUES (74, 6, 'Piocitos', '', 'Ausentes');
INSERT INTO parametro (id_parametro, id_examen, nombre, unidad, valor_referencia) VALUES (75, 7, 'Aspecto', '', 'Homogéneo');
INSERT INTO parametro (id_parametro, id_examen, nombre, unidad, valor_referencia) VALUES (76, 7, 'Color', '', 'Marrón');
INSERT INTO parametro (id_parametro, id_examen, nombre, unidad, valor_referencia) VALUES (77, 7, 'Consistencia', '', 'Formada');
INSERT INTO parametro (id_parametro, id_examen, nombre, unidad, valor_referencia) VALUES (78, 7, 'Hb', '', 'Negativa');
INSERT INTO parametro (id_parametro, id_examen, nombre, unidad, valor_referencia) VALUES (79, 7, 'Moco', '', 'Negativo');
INSERT INTO parametro (id_parametro, id_examen, nombre, unidad, valor_referencia) VALUES (80, 7, 'pH', '', '7,0-8,0');
INSERT INTO parametro (id_parametro, id_examen, nombre, unidad, valor_referencia) VALUES (81, 7, 'Reacción', '', 'Alcalina');
INSERT INTO parametro (id_parametro, id_examen, nombre, unidad, valor_referencia) VALUES (82, 7, 'Bacterias', '', 'Escasas');
INSERT INTO parametro (id_parametro, id_examen, nombre, unidad, valor_referencia) VALUES (83, 7, 'Levaduras', '', 'Ausentes');
INSERT INTO parametro (id_parametro, id_examen, nombre, unidad, valor_referencia) VALUES (84, 7, 'Azúcares Reductores', '', 'Negativo');
INSERT INTO parametro (id_parametro, id_examen, nombre, unidad, valor_referencia) VALUES (85, 7, 'Sangre Oculta', '', 'Negativo');
INSERT INTO parametro (id_parametro, id_examen, nombre, unidad, valor_referencia) VALUES (86, 7, 'Sudán III', '', 'Negativo');
INSERT INTO parametro (id_parametro, id_examen, nombre, unidad, valor_referencia) VALUES (87, 7, 'Polimorfonucleares', '', 'Escasos');
INSERT INTO parametro (id_parametro, id_examen, nombre, unidad, valor_referencia) VALUES (88, 7, 'Restos Alimenticios', '', 'Escasos');
INSERT INTO parametro (id_parametro, id_examen, nombre, unidad, valor_referencia) VALUES (89, 7, 'Parásitos', '', 'No se observan');
INSERT INTO parametro (id_parametro, id_examen, nombre, unidad, valor_referencia) VALUES (90, 8, 'Salmonella Typhi H', '', 'Negativo (< 1/80)');
INSERT INTO parametro (id_parametro, id_examen, nombre, unidad, valor_referencia) VALUES (91, 8, 'Salmonella H Para Typhi A', '', 'Negativo (< 1/80)');
INSERT INTO parametro (id_parametro, id_examen, nombre, unidad, valor_referencia) VALUES (92, 8, 'Salmonella H Para Typhi B', '', 'Negativo (< 1/80)');
INSERT INTO parametro (id_parametro, id_examen, nombre, unidad, valor_referencia) VALUES (93, 8, 'Salmonella Typhi O', '', 'Negativo (< 1/80)');
INSERT INTO parametro (id_parametro, id_examen, nombre, unidad, valor_referencia) VALUES (94, 8, 'Salmonella O Para Typhi A', '', 'Negativo (< 1/80)');
INSERT INTO parametro (id_parametro, id_examen, nombre, unidad, valor_referencia) VALUES (95, 8, 'Salmonella O Para Typhi B', '', 'Negativo (< 1/80)');
INSERT INTO parametro (id_parametro, id_examen, nombre, unidad, valor_referencia) VALUES (96, 8, 'Brucella Abortus', '', 'Negativo (< 1/80)');
INSERT INTO parametro (id_parametro, id_examen, nombre, unidad, valor_referencia) VALUES (97, 8, 'Proteus OX-19', '', 'Negativo (< 1/80)');
INSERT INTO parametro (id_parametro, id_examen, nombre, unidad, valor_referencia) VALUES (98, 9, 'V.D.R.L.', '', 'No Reactivo');
INSERT INTO parametro (id_parametro, id_examen, nombre, unidad, valor_referencia) VALUES (99, 9, 'H.I.V. 1', '', 'Negativo');
INSERT INTO parametro (id_parametro, id_examen, nombre, unidad, valor_referencia) VALUES (100, 9, 'H.I.V. 2', '', 'Negativo');
INSERT INTO parametro (id_parametro, id_examen, nombre, unidad, valor_referencia) VALUES (101, 9, 'Anti-Core', '', 'Negativo');
INSERT INTO parametro (id_parametro, id_examen, nombre, unidad, valor_referencia) VALUES (102, 9, 'Antígeno de Superficie', '', 'Negativo');
INSERT INTO parametro (id_parametro, id_examen, nombre, unidad, valor_referencia) VALUES (103, 9, 'Serología de Chagas', '', 'Negativo');
INSERT INTO parametro (id_parametro, id_examen, nombre, unidad, valor_referencia) VALUES (104, 9, 'Hepatitis C', '', 'Negativo');
INSERT INTO parametro (id_parametro, id_examen, nombre, unidad, valor_referencia) VALUES (105, 10, 'Título ASTO (Antiestreptolisina O)', '', '< 200 Negativo');
INSERT INTO parametro (id_parametro, id_examen, nombre, unidad, valor_referencia) VALUES (106, 10, 'Proteína C Reactiva', '', 'Negativa');
INSERT INTO parametro (id_parametro, id_examen, nombre, unidad, valor_referencia) VALUES (107, 10, 'R.A. Test', '', 'Negativo');
INSERT INTO parametro (id_parametro, id_examen, nombre, unidad, valor_referencia) VALUES (108, 10, 'Células L.E.', '', 'Negativo');
INSERT INTO parametro (id_parametro, id_examen, nombre, unidad, valor_referencia) VALUES (109, 10, 'Monotest', '', 'Negativo');
INSERT INTO parametro (id_parametro, id_examen, nombre, unidad, valor_referencia) VALUES (110, 11, 'Resultado', '', 'Positiva / Negativa');
INSERT INTO parametro (id_parametro, id_examen, nombre, unidad, valor_referencia) VALUES (111, 12, 'Observación Directa', '', '');
INSERT INTO parametro (id_parametro, id_examen, nombre, unidad, valor_referencia) VALUES (112, 12, 'Tinción de Gram', '', '');
INSERT INTO parametro (id_parametro, id_examen, nombre, unidad, valor_referencia) VALUES (113, 12, 'Recuento de Colonias', 'UFC/ml', '');
INSERT INTO parametro (id_parametro, id_examen, nombre, unidad, valor_referencia) VALUES (114, 12, 'Otros', '', '');
INSERT INTO parametro (id_parametro, id_examen, nombre, unidad, valor_referencia) VALUES (115, 12, 'Cultivo', '', '');
INSERT INTO parametro (id_parametro, id_examen, nombre, unidad, valor_referencia) VALUES (116, 12, 'Cultivo para Hongos', '', '');
INSERT INTO parametro (id_parametro, id_examen, nombre, unidad, valor_referencia) VALUES (117, 13, 'Hepatitis A (IgM)', 'DO', 'Negativo < 0,90 / Positivo > 1,10');
INSERT INTO parametro (id_parametro, id_examen, nombre, unidad, valor_referencia) VALUES (118, 14, 'Antígeno de Superficie de Hepatitis B (HBsAg)', '', 'Negativa / Positiva');
INSERT INTO parametro (id_parametro, id_examen, nombre, unidad, valor_referencia) VALUES (119, 15, 'Anticuerpos Anti-HCV (Hepatitis C)', '', 'Negativo / Positivo');
INSERT INTO parametro (id_parametro, id_examen, nombre, unidad, valor_referencia) VALUES (120, 16, 'Mycoplasma Pneumoniae (IgG)', NULL, 'Positivo / Negativo');
INSERT INTO parametro (id_parametro, id_examen, nombre, unidad, valor_referencia) VALUES (121, 17, 'Gonadotropina Coriónica (Beta-HCG)', 'mIU/ml', '1 sem: 5,00-30,0 | 2 sem: 10,0-71,2 | 3 sem: 30,0-100,0 | 4 sem: 94,0-750,0 | 5 sem: 217,0-7.138 | 6 sem: 350,0-31.795 | 7 sem: 3.697-163.563 | 8 sem: 32.065-149.571 | 9 sem: 63.803-151.410 | 10 sem: 46.509-186.977 | 12 sem: 27.832-210.612 | 14 sem: 13.950-62.530 | 15 sem: 12.039-70.971 | 16 sem: 9.040-56.451 | 17 sem: 8.175-55.868 | 17-24 sem: 4.060-165.400 | 25-40 sem: 3.640-117.000 | Hombres: 0-2,6 | No embarazadas: hasta 5,10');
INSERT INTO parametro (id_parametro, id_examen, nombre, unidad, valor_referencia) VALUES (122, 18, 'LH', 'mUI/ml', 'Fase folicular: 1,68-15 | Pico ovulatorio: 21,9-56,6 | Fase lútea: 0,61-16,3 | Post-menopausia: 14,2-52,3');
INSERT INTO parametro (id_parametro, id_examen, nombre, unidad, valor_referencia) VALUES (123, 19, 'Progesterona', 'ng/ml', 'Fase folicular: 0,15-1,4 | Fase lútea: 4,0-25,0 | Post-menopáusica: 0,06-1,60');
INSERT INTO parametro (id_parametro, id_examen, nombre, unidad, valor_referencia) VALUES (124, 20, 'Prolactina', 'ng/ml', 'Mujeres: 3,0-23,0 | Hombres: 2,0-17,0 | Mujeres embarazadas: 95-430');
INSERT INTO parametro (id_parametro, id_examen, nombre, unidad, valor_referencia) VALUES (125, 21, 'pH', '', '3,8-4,5');
INSERT INTO parametro (id_parametro, id_examen, nombre, unidad, valor_referencia) VALUES (126, 21, 'Aminas', '', 'Negativo');
INSERT INTO parametro (id_parametro, id_examen, nombre, unidad, valor_referencia) VALUES (127, 21, 'Células', '', 'Regular cantidad');
INSERT INTO parametro (id_parametro, id_examen, nombre, unidad, valor_referencia) VALUES (128, 21, 'Leucocitos', '', 'Escasos');
INSERT INTO parametro (id_parametro, id_examen, nombre, unidad, valor_referencia) VALUES (129, 21, 'Bacterias', '', 'Escasas');
INSERT INTO parametro (id_parametro, id_examen, nombre, unidad, valor_referencia) VALUES (130, 21, 'Hematíes', '', 'Escasos');
INSERT INTO parametro (id_parametro, id_examen, nombre, unidad, valor_referencia) VALUES (131, 21, 'Levaduras', '', 'Negativo');
INSERT INTO parametro (id_parametro, id_examen, nombre, unidad, valor_referencia) VALUES (175, 21, 'Reacción polimorfonuclear', '', '');
INSERT INTO parametro (id_parametro, id_examen, nombre, unidad, valor_referencia) VALUES (176, 21, 'Células guía', '', '');
INSERT INTO parametro (id_parametro, id_examen, nombre, unidad, valor_referencia) VALUES (177, 21, 'Cocobacilos Gram variables tipo', '', '');
INSERT INTO parametro (id_parametro, id_examen, nombre, unidad, valor_referencia) VALUES (178, 21, 'Gardenella vaginalis', '', '');
INSERT INTO parametro (id_parametro, id_examen, nombre, unidad, valor_referencia) VALUES (133, 22, 'V.D.R.L.', '', 'No Reactivo');
INSERT INTO parametro (id_parametro, id_examen, nombre, unidad, valor_referencia) VALUES (134, 22, 'H.I.V. 1/2', '', 'Negativo');
INSERT INTO parametro (id_parametro, id_examen, nombre, unidad, valor_referencia) VALUES (135, 23, 'Insulina Basal', 'uIU/ml', 'Niños menores de 12 años: hasta 10,0 | Adultos normales: 0,7-24,9');
INSERT INTO parametro (id_parametro, id_examen, nombre, unidad, valor_referencia) VALUES (136, 23, 'Insulina Post-Prandial', 'uIU/ml', 'Niños menores de 12 años: hasta 10,0 | Adultos normales: 0,7-24,9');
INSERT INTO parametro (id_parametro, id_examen, nombre, unidad, valor_referencia) VALUES (137, 24, 'Marihuana', '', 'Negativo');
INSERT INTO parametro (id_parametro, id_examen, nombre, unidad, valor_referencia) VALUES (138, 24, 'Cocaína', '', 'Negativo');
INSERT INTO parametro (id_parametro, id_examen, nombre, unidad, valor_referencia) VALUES (139, 25, 'IgM Dengue', '', 'Negativa');
INSERT INTO parametro (id_parametro, id_examen, nombre, unidad, valor_referencia) VALUES (140, 25, 'IgG Dengue', '', 'Negativa');
INSERT INTO parametro (id_parametro, id_examen, nombre, unidad, valor_referencia) VALUES (141, 26, 'Inmunoglobulina E', 'IU/ml', '0-1 año: hasta 29 | 1-2 años: hasta 49 | 2-3 años: hasta 45 | 3-9 años: hasta 52 | Adultos: hasta 110');
INSERT INTO parametro (id_parametro, id_examen, nombre, unidad, valor_referencia) VALUES (142, 27, 'PSA Total', 'ng/ml', 'Hasta 4,0');
INSERT INTO parametro (id_parametro, id_examen, nombre, unidad, valor_referencia) VALUES (143, 27, 'PSA Libre', 'ng/ml', '0,00-1,30');
INSERT INTO parametro (id_parametro, id_examen, nombre, unidad, valor_referencia) VALUES (144, 27, 'Relación % PSA Libre/Total', '%', '');
INSERT INTO parametro (id_parametro, id_examen, nombre, unidad, valor_referencia) VALUES (145, 28, 'T3', 'ng/ml', '0,8-2,0');
INSERT INTO parametro (id_parametro, id_examen, nombre, unidad, valor_referencia) VALUES (146, 28, 'T4', 'ug/dL', '5,0-12,0');
INSERT INTO parametro (id_parametro, id_examen, nombre, unidad, valor_referencia) VALUES (147, 28, 'TSH Ultra', 'uIU/ml', '0,4-4,0');
INSERT INTO parametro (id_parametro, id_examen, nombre, unidad, valor_referencia) VALUES (148, 29, 'Fosa Derecha', '%', '0,0');
INSERT INTO parametro (id_parametro, id_examen, nombre, unidad, valor_referencia) VALUES (149, 29, 'Fosa Izquierda', '%', '0,0');
INSERT INTO parametro (id_parametro, id_examen, nombre, unidad, valor_referencia) VALUES (150, 30, 'Eosinófilos en Sangre', 'xmm³', '20-300');
INSERT INTO parametro (id_parametro, id_examen, nombre, unidad, valor_referencia) VALUES (151, 31, 'IgM Anti-Toxoplasmosis (Método Elisa)', 'DO', 'Negativo < 0,90 / Positivo > 1,10');
INSERT INTO parametro (id_parametro, id_examen, nombre, unidad, valor_referencia) VALUES (152, 31, 'IgG Anti-Toxoplasmosis', 'DO', 'Negativo < 0,90 / Positivo > 1,10');
INSERT INTO parametro (id_parametro, id_examen, nombre, unidad, valor_referencia) VALUES (153, 32, 'IgM Anti-Citomegalovirus', 'DO', 'Negativo < 0,90 / Positivo > 1,10');
INSERT INTO parametro (id_parametro, id_examen, nombre, unidad, valor_referencia) VALUES (154, 32, 'IgG Anti-Citomegalovirus', 'DO', 'Negativo < 0,90 / Positivo > 1,10');
INSERT INTO parametro (id_parametro, id_examen, nombre, unidad, valor_referencia) VALUES (155, 33, 'Glicemia Basal', 'mg/dL', '70-110');
INSERT INTO parametro (id_parametro, id_examen, nombre, unidad, valor_referencia) VALUES (156, 33, 'Glicemia 60 min', 'mg/dL', '< 180');
INSERT INTO parametro (id_parametro, id_examen, nombre, unidad, valor_referencia) VALUES (157, 33, 'Glicemia 120 min', 'mg/dL', '< 140');
INSERT INTO parametro (id_parametro, id_examen, nombre, unidad, valor_referencia) VALUES (158, 34, 'Testosterona Libre', 'pg/ml', 'Varones prepúberes: 1,80-5,68 | Hombres 20-39 años: 9,2-34,6 | Hombres 40-59 años: 6,1-30,3 | Hombres > 60 años: 6,1-27,9');
INSERT INTO parametro (id_parametro, id_examen, nombre, unidad, valor_referencia) VALUES (159, 34, 'Testosterona Total', 'ng/ml', 'Mujeres: 0,26-1,22 | Hombres: 2,50-14,6');
INSERT INTO parametro (id_parametro, id_examen, nombre, unidad, valor_referencia) VALUES (160, 35, 'Helicobacter Pylori', 'DO', 'Positivo > 1,10 DO | Negativo < 0,90 DO');
INSERT INTO parametro (id_parametro, id_examen, nombre, unidad, valor_referencia) VALUES (163, 37, 'Monotest (Aglutinación)', '', 'Negativo');
INSERT INTO parametro (id_parametro, id_examen, nombre, unidad, valor_referencia) VALUES (164, 38, 'H.I.V. 1/2 (Test-Pack)', '', 'Negativo');
INSERT INTO parametro (id_parametro, id_examen, nombre, unidad, valor_referencia) VALUES (165, 39, 'Anti TPO', 'IU/ml', 'Hasta 5');
INSERT INTO parametro (id_parametro, id_examen, nombre, unidad, valor_referencia) VALUES (166, 39, 'Anti TGB', 'IU/ml', 'Hasta 125');
INSERT INTO parametro (id_parametro, id_examen, nombre, unidad, valor_referencia) VALUES (167, 40, 'Baciloscopia No. 1', '', 'OPC:NO SE ENCUENTRAN B.A.A.R EN 100 CAMPOS MICROSCOPICOS OBSERVADOS | SE ENCUENTRAN B.A.A.R EN 100 CAMPOS MICROSCOPICOS OBSERVADOS');
INSERT INTO parametro (id_parametro, id_examen, nombre, unidad, valor_referencia) VALUES (168, 40, 'Baciloscopia No. 2', '', 'OPC:NO SE ENCUENTRAN B.A.A.R EN 100 CAMPOS MICROSCOPICOS OBSERVADOS | SE ENCUENTRAN B.A.A.R EN 100 CAMPOS MICROSCOPICOS OBSERVADOS');
INSERT INTO parametro (id_parametro, id_examen, nombre, unidad, valor_referencia) VALUES (169, 40, 'Baciloscopia No. 3', '', 'OPC:NO SE ENCUENTRAN B.A.A.R EN 100 CAMPOS MICROSCOPICOS OBSERVADOS | SE ENCUENTRAN B.A.A.R EN 100 CAMPOS MICROSCOPICOS OBSERVADOS');
INSERT INTO parametro (id_parametro, id_examen, nombre, unidad, valor_referencia) VALUES (179, 41, 'Dengue NS1 (Antígeno)', '', 'Positivo / Negativo');
INSERT INTO parametro (id_parametro, id_examen, nombre, unidad, valor_referencia) VALUES (180, 42, 'Hepatitis A (IgM)', 'DO', 'Negativo < 0,90 / Positivo > 1,10');
INSERT INTO parametro (id_parametro, id_examen, nombre, unidad, valor_referencia) VALUES (181, 43, 'Helicobacter Pylori en Heces', '', 'Positivo / Negativo');
INSERT INTO parametro (id_parametro, id_examen, nombre, unidad, valor_referencia) VALUES (182, 44, 'Estradiol', 'pg/ml', 'Fase folicular temprana: 30-100 | Fase folicular tardía: 100-400 | Fase lútea: 60-150 | Post-menopausia: <18');
INSERT INTO parametro (id_parametro, id_examen, nombre, unidad, valor_referencia) VALUES (183, 45, 'FSH', 'mIU/ml', 'Fase folicular: 3,0-12,0 | Mitad del ciclo: 8,0-22,0 | Fase lútea: 2,0-12,0 | Post-menopausia: 35,0-151,0');
INSERT INTO parametro (id_parametro, id_examen, nombre, unidad, valor_referencia) VALUES (191, 46, 'Chagas', '', 'Positivo / Negativo');
INSERT INTO parametro (id_parametro, id_examen, nombre, unidad, valor_referencia) VALUES (210, 47, 'Antígeno Carcinoembrionario', 'ng/ml', 'Fumadores: 0,00-4,3 | No fumadores: 0,00-3,40');
INSERT INTO parametro (id_parametro, id_examen, nombre, unidad, valor_referencia) VALUES (203, 48, 'CA 19-9', 'UI/ml', 'Hasta 35 UI/ml');
INSERT INTO parametro (id_parametro, id_examen, nombre, unidad, valor_referencia) VALUES (194, 49, 'CA-125', 'UI/ml', 'Hasta 35,0 UI/ml');
INSERT INTO parametro (id_parametro, id_examen, nombre, unidad, valor_referencia) VALUES (200, 50, 'CA 15-3', 'UI/ml', 'Hasta 35 UI/ml');
INSERT INTO parametro (id_parametro, id_examen, nombre, unidad, valor_referencia) VALUES (196, 51, 'Alfafetoproteínas', 'IU/ml', 'Hasta 5,80');
INSERT INTO parametro (id_parametro, id_examen, nombre, unidad, valor_referencia) VALUES (192, 52, '17 OH Progesterona', 'ng/ml', 'Fase folicular: 0,1-1,7 | Fase luteínica: 0,6-2,3 | Postmenopausia: 0,13-0,51');
INSERT INTO parametro (id_parametro, id_examen, nombre, unidad, valor_referencia) VALUES (207, 53, 'DHEA', 'ug/dl', '33,9-280');
INSERT INTO parametro (id_parametro, id_examen, nombre, unidad, valor_referencia) VALUES (193, 54, 'Androstenediona', 'ng/ml', '0,40-4,0');
INSERT INTO parametro (id_parametro, id_examen, nombre, unidad, valor_referencia) VALUES (205, 55, 'IgM Anti-Virus del Epstein Barr', 'U/ml', 'Negativo < 0,90 / Positivo > 1,10');
INSERT INTO parametro (id_parametro, id_examen, nombre, unidad, valor_referencia) VALUES (197, 56, 'Hemoglobina A1c', '%', '4,5-6,3');
INSERT INTO parametro (id_parametro, id_examen, nombre, unidad, valor_referencia) VALUES (188, 57, 'Fibrinógeno', 'mg%', '200-400');
INSERT INTO parametro (id_parametro, id_examen, nombre, unidad, valor_referencia) VALUES (187, 58, 'TSH Ultra', 'uIU/ml', '0,4-5,5');
INSERT INTO parametro (id_parametro, id_examen, nombre, unidad, valor_referencia) VALUES (202, 59, 'Microalbuminuria', 'mg/lts', 'Hasta 20,0');
INSERT INTO parametro (id_parametro, id_examen, nombre, unidad, valor_referencia) VALUES (199, 60, 'ANA', 'DO', 'Negativo < 0,90 / Positivo > 1,10');
INSERT INTO parametro (id_parametro, id_examen, nombre, unidad, valor_referencia) VALUES (208, 61, 'LDH', 'U/L', '230-460');
INSERT INTO parametro (id_parametro, id_examen, nombre, unidad, valor_referencia) VALUES (209, 62, 'Anti-HBs', 'mIU/ml', 'Vacunación: > 10 | Negativo: < 9,9');
INSERT INTO parametro (id_parametro, id_examen, nombre, unidad, valor_referencia) VALUES (184, 63, 'IgG Anti Varicela Zoster', '', 'Negativo: < 9,0 | Borderline: 9,0-11,0 | Positivo: > 11,0');
INSERT INTO parametro (id_parametro, id_examen, nombre, unidad, valor_referencia) VALUES (198, 64, 'Dímero-D', 'ng/ml', 'Hasta 200,0');
INSERT INTO parametro (id_parametro, id_examen, nombre, unidad, valor_referencia) VALUES (190, 65, 'Herpes I IgG', 'U/ml', 'Negativo < 0,90 / Positivo > 1,10');
INSERT INTO parametro (id_parametro, id_examen, nombre, unidad, valor_referencia) VALUES (201, 65, 'Herpes II IgM', 'U/ml', 'Negativo < 0,90 / Positivo > 1,10');
INSERT INTO parametro (id_parametro, id_examen, nombre, unidad, valor_referencia) VALUES (195, 66, 'CPK', 'U/L', '195');
INSERT INTO parametro (id_parametro, id_examen, nombre, unidad, valor_referencia) VALUES (185, 67, 'Vitamina D', 'ng/ml', 'Deficiente: <10 | Insuficiente: 10-30 | Suficiente: 30-100 | Intoxicación: >100');
INSERT INTO parametro (id_parametro, id_examen, nombre, unidad, valor_referencia) VALUES (186, 68, 'Cortisol 7 AM', 'nmol/l', '140-600');
INSERT INTO parametro (id_parametro, id_examen, nombre, unidad, valor_referencia) VALUES (189, 68, 'Cortisol 3 PM', 'nmol/l', '68-237');
INSERT INTO parametro (id_parametro, id_examen, nombre, unidad, valor_referencia) VALUES (204, 69, 'Mycoplasma Pneumoniae IgM', 'DO', 'Positiva > 1,10 DO / Negativa < 0,90 DO');
INSERT INTO parametro (id_parametro, id_examen, nombre, unidad, valor_referencia) VALUES (206, 70, 'Toxoplasmosis IgG', 'mg/dl', '90-450');

-- Reinicia los contadores automáticos por encima de los ids cargados a mano.
ALTER TABLE grupo_examen ALTER COLUMN id_grupo RESTART WITH 100;
ALTER TABLE examen ALTER COLUMN id_examen RESTART WITH 1000;
ALTER TABLE parametro ALTER COLUMN id_parametro RESTART WITH 5000;

-- Pacientes de ejemplo
INSERT INTO paciente (cedula, nombre_completo, edad, fecha_registro) VALUES ('29636000', 'María Pérez', 34, CURRENT_DATE);
INSERT INTO paciente (cedula, nombre_completo, edad, fecha_registro) VALUES ('15234887', 'Juan Rodríguez', 51, CURRENT_DATE);
